author,title,content,type
pancakesea,Wie ist das Leben in Duisburg?,kommen bergischen kurz amsterdam wohnen temporaer koeln suche stadt naechster jahr niederlassen moechten duisburg anschauen miete bezahlbar scheinen fallen natuerlich fahren demnaechst duisburg erleben persoenlich tipps erfahrung freuen gelernen koechin moechten teilzeit arbeiten naechster jahr uni koeln duesseldorf fuehrerschein fahrrad hoechste prioritaet eigen wohnung finden ruhe kopf bisschen sparen eltern buerg wuensche waeren hauptbahnhof zimmer balkon kalt realistisch erst arbeitsstelle duisburg suchen pendeln,text
chayreads,Affordable and Reliable repair shop(Auto werkstatt),zusammen relativ neu fahrer deutschland suchen tipps guenstig zuverlaessig autowerkstatt duisburgneudorf derzeit lichtmaschine suchen gut werkstatt austauschen lassen letzter woche autowerkstatt kontaktieren schockieren geschaetzten kosten euro freuen tipps gut autowerkstatt duisburgsued vielen english germany suggestions werkstatt duisburg neudorf alternatorlischtmaschine replaced fyi approached werkstatt shocked estimated costs euro receiving suggestions werkstatt duisburg sued,text
nonquack,Takumi Duisburg,rduisburg weiss jemand wann takumi duisburg eroeffnen sieht fertig jemand infos gespannt,text
kiwiii_13,Suche Event-Location,zusammen naechst jahr veranstalten ende mitte september groess konferenz duisburg suchen eventlocation grossraum duisburg befinden moeglichkeit essentrinken buehne ausstellungsflaeche bieten teilnehmende eignen gewi√ü location landschaftspark duisburgnord bereits ruhrtriennale belegen waere weit vorschlaeg dankbar vielen,text
Lucky-Figure-277,Brauche kleine Hilfe,klein duisburg sprachschule telc bestehen angeblich zertifikat entweder email zusenden amsterdam leben duisburger vertreter abholen pdf email zusenden waere dankbar nebenkosten deutlich ausgleichen zufuege euro ps falls jemand helfen schreiben pm senden nummer adresse vollmacht zertifikat abzuholen,text
Ma11hias,Hautarzt,neu duisburg moechten wissen bereich neudorf duisser innenstadt hautarzt geben akutsprechstunde kurzfristig kassenpatient bekommen,text
RepeatApprehensive47,Ich werde Duisburger,duisburg ab ziehen duisburg kennen stadt feiern vater wasserschutzpolizei duisburg leider mehr duisburg fragen d√ºrfen duisburger nennen baerl wohnen ja ruhrgebietsstaedt ort unfreiwillig eingemeinden werden darauf bestehen gro√ü stadt gelsenkirchen buer westerholt herten drauf ausser wenns fussball gehen naja egal freuen fassadenreiche stadt leben,text
topherette,Welche Spitznamen habt ihr f√ºr Orte in/um Duisburg geh√∂rt?,frage linguistisch projekt beispiel highfield,text
AndreiWarg,Minijob mit English,gute suchen minijob wochenende umgebung duisburg leider aufgrund vollzeitstelle lang pendelzeit zeit deutsch lernen daher sprachkenntnis derzeit niedrig niveau arbeiten itinfrastrukturspezialist verwaltung computer scanner usw bestehen jedoch darauf fachbereich arbeiten gehen darum verstaendigen stunde wochenende arbeiten verdienstgrenze minijob monat erreichen koennt vielleicht tipp geben wissen passende stelle bewerben vielen andreiwarg,text
Few_Comment5647,Post-Diebstahl/Verlust,jemand suede postfiliale abgeben nie ankommen paket grossmaxibriefenwarensendung paket ankommen sofortgescannen sendung nie briefzentrum ankommen muess abgabe postfilale briefzentrum entwendet werden,text
Weekly-Office967,Scammer am Duisburg Hbf,achtung gerade hauptbahnhof nachhause typ kommen kommen offen danach fragen geldklassiker weiterlaufen ziehen zurueck frag nacht muenz wenig bestehen darauf nachschauen dumm euro geben danach endlich bahn halten fragen scheinen gleich geschichte vorher habs blablabla sehen scheinen austauschen natuerlich dumm geben packen gehen hats klick machen habr typ packen meinen bahnfahren brauchen usw detail wichtig danach versuchen wegzurennen denken √ºbergewicht entfliehen gott sein tuere bahn ueberfuellt packen sagen scheiss zurueck betteln ect reinhauen k√∂nnen zurueckhalt brieftasche raushole mehrere euro scheinen usw drinne nehmen abhauen habs machen richtung schrie zurueck irgendwas usw rufen zurueck detail wichtig infos anfang vorfall typ schiefe augenbeide braun eher indien pakistan maessig kleidung leider vergessen ungefaehr liebe,text
majan96,Wo ist Ugur Ozkaplan?,zusammen geben mehrere geruecht verbleib ugur ozkaplan profil mehr aktiv,text
schluesselkind,Streik am Freitag,laut waz freitag ganz gestreikt fahren bus bahn,text
Happyhamma,Bambushaie Zoo Duisburg,fruehjahr bambushaie schluepfen sechs ei laeng zeit ausstellen erwachseneregroesser tier ausser schon danach sehen weiss jemand der passieren zoo unterbringen werden,text
Rude-Adeptness2481,Supplemente im Pott. DU und Umgebung.,leute neu zuziehen suchen gutsortiert apotheke shop ausland geben zbsp finden offline waere tipps dankbar,text
ChaosAyumix,Veganer D√∂ner/Schawama o√Ñ,kurz duisburg ziehen suchen bisher erfolglos veganen doenerschawarma o√§ bekommen allerdings seitan sowas falafel koennt empfehlen,text
Sad_Cantaloupe_6841,Neudorf als Wohnort,wohnen studiern schon geraume weile duisburg derzeit suche neu wohnung waere neudorf natuerlich praktisch ja generell nett gegend meister wohnung liegen groess strasse sternbuschweg etc lebe derzeit abgelegen faellt schwer einzuschaetzen hauptstrasse wohnen gross nachteil waere freuen jemand gegend wohnen erzaehlen,text
Exciting_Ad_6558,Flixbus Abfahrtsort,zusammen flixbus fahrt buchen ab duisburg hauptbahnhof zob genau starten flixbusse duisburg jemand erfahrung voraus,text
Schansolo,Miniaturen im Landschaftspark,zusammen gerne exkursion anleit miniatur weiss jemand miniaturhaeuser kunstinstallation landschaftspark stehen dankeeee,text
AbleMajor9898,Termin f√ºr die Verl√§ngerung der Aufenthaltserlaubnis in Duisburg-S√ºd,zusammen monat wohnsitz duisburgsued anmelden bereits meister notwendig schritt neuankoemmling erledigen benoetig jedoch dringend verlaengerung aufenthaltserlaubnis leider feststellen duisburg aeusserst schwierig online bekommen suchen monat regelmaessig erfolg langsam ernsthafen geben moeglichkeit vorbeizukommen beispielsweise offen sprechtag falls vielleicht jemand erfahrung technisch kenntnis skript loesung helfen schnell bekommen vielen voraus,text
DukeMaxwell,Basketball Freizeit Mannschaft,haeben jahr mehr bewegen denken waere gut kennt jemand freizeitmannschaft einsteigen cheers max,text
Ma11hias,Erfahrung Internetanbieter in Duissern,zusammen neu duisser ziehen brauchen neu internetanbieter erfahrung vodafone sowie telekom gebiet,text
JohnDoeBrowse,"""Suche Freunde""",lockere gruppe offen neu leute sommer spielen beachvolleyball garniert ganz treffen weihnachtsmarkt phantasialand teilnahme hindernislaeufen abend finkenkrug zusammen gucken spieleabend glauben idee klar rangieren thekentruppe engagiert freizeitsportler ganz austausch kontakt knuepfen neben bewegung vordergrund stehen raus internet leute realitaet treffen interesse haben schreib mobilnummer fueg kurz whatsapp gruppe hinzu cheers,text
MadMax7496,Essenstipps ,laeng zeit duisburg haben tipps ggf preiswert abends essen beispielsweise tagesangebot restaurant aehnlich tipp offen,text
Similar_Ear329,Kosten f√ºr Entr√ºmpelungsservices?,zusammen moechten keller aufraeumen dafuer entruempelungsfirma beauftragen jemand idee ungefaehr kosten vielen voraus antwort,text
zanderfischfilet,"Umzug von D√ºsseldorf nach Duisburg, Tipps und Erfahrungen",voraussichtlich jahr duisburg ziehen aktuell studiern wohnen duesseldorf mitte aufgrund hoch mietpreise ueberlaufend wohnungsmarkt moechten duesseldorf jetzig wohnung vieler maengel daher umzug notwendig duesseldorf suchen muessen zwangslaeufig verschlechtern verkleinern tief tasche greifen frage stadtteil naehe hauptbahnhof idealerweise fusslaeufig empfehlen gestalten suche stadtteil aehnlich angespannt duesseldorf erleben pendeln richtung duesseldorf geben cool kneipe ort ausgehen schon voraus,text
AbleMajor9898,Tipps gesucht ,zusammen albanerin ziehen februar duisburg mann leben jahr arbeiten versicherung schadensbearbeiterin erfahrung vertragsaufnahme schon vorstellungsgespraech deutsch unternehmen fuehren weiterkommen wahrscheinlich deutsch fliessend gerade bestehen moechten kontakt deutsche knuepfen deutsch verbessern habt tipps deutschland gut integrieren sprache verbessern voraus,text
FieserKiller,Wo kann man in Duisburg Stadtmitte am g√ºnstigsten E-Auto laden?,baldig eauto besitzer schauen guenstig guenstigst bislang finden communite zb friedrichalbertlangeplatz neben innenhaf ac gibts kwh je nachdem nen monat mitgliedschaft zahlen,text
Bamischeibe23,Seilbahn f√ºr die Neubaugebiete ,gebag haeben gerne seilbahn neu stadtteil duen wedau platte,text
Top-Barracuda-1880,Frohes neues Jahr üéà üéä ,frohes neu jahr,text
DasApi,Weihnachtsessen/Buffet am 24.12 ,zusammen freundin oberhausen gerne irgendwo essen gehen gut irgendein weihnachtlich vielleicht speziell karte meister weihnachtsesse netz finden erst weihnachtsfeiertag jemand idee gerne bereit duisburg essen fahren solange oeffi einigermassen erreichbar schon,text
yalat1254,"Nabend,",alt bankfiliale duisburg erwerben stehen tresor bestimmt jahr werden mehr oeffnen kombination jemand sowas oeffnen wahrscheinlich drin reiz schon reinzuschauen lockpicking tresor duisburg,text
ketaforbreakfast,Nebenjob gesucht! [IT/Gastro/usw],zusammen suchen nebenjob grossraum duisburg jahr aktuell bei taetig gastronomie gleichermasse theoretisch aufr bau anpacken,text
fuzzylog1c-stuffs,Fernw√§rme in Duisburg - Erfahrungen?,zusammen ueberlege fernwaerme umsteigen gerne erfahrung hoeren zufrieden sein kosten wirklich guenstig heizart waere erfahrung teilen koennten voraus,text
princssbbblegun,VRR-24 Stunden Ticket nach D√ºsseldorf: Preisstufe?,demnaechst duisburg hauptbahnhof duesseldorf hauptbahnhof zurueck fahren preisstufe dafuer buchen reichen stufe vrr schreiben zudem preisstufe fahrt zwei benachbart wabe angrenzend tarifgebiete direkt verkehrlicher anbindung der karte wabe sehen tarifgebiete blicken ueberhaupt waere tipp dankbar,text
DrCocker1337,Karten f√ºr Nachtsrolche,leider verpennt fruehzeitig kuemmern zufaellig jemand karte nachtsrolche heute abgeben,text
-_Sardossa_-,ThyssenKrupp,halten stellenabbau thyssenkrupp,text
Dryhtlic,Suche DnD-Gruppe,lang verlangen gibts duisburg gruppe aufnehmen schicken gern dm,text
schluesselkind,Heute offen?,weiss jemand heute dobbelstein heinemann gehoert totensonntag geschaeft weihnachtsmaerkte usw erst ab uhr oeffnen duerf,text
Open-Armadillo9921,Nachtstrolche Erfahrungen ,titel sagen eig schon schon nacht nachtstrolche ja letzter platzhirsch ja immer ziemlich,text
easy_red98,Gym Buddy gesucht ,zusammen suchen trainingspartner duisburg fuers waere gegenseitig pushen trainieren derzeit drei relativ dabei wuerd sagen gerne jemand aufbauen,text
aunttimi,Fahrr√§der geklaut ,partnerin werden kuppersmuehle klauen jemand tip tip der duisburg suchen kommen leider bochum nuroad xl fahrrad freundin doman alr grvl,text
LiloLowkey,Fahrschule gesucht.,gerne duisburg fuehrerschein anfangen allerdings feststellen echt schwierig √ºbersicht gestalten gefuehlt fahrschule website preis anzeigen preis sehen echt wucher empfinden doppelstunde vieler erwarten direkt schon anmeldest persoenlich datum rausgibst usw allerdings zunaechst vermeiden frage weiss natuerlich fuehrerscheinpreis letzter jahrzehnt hoehe schie√üen fuehlen bei auseinandersetz echt orientierungslos erfahrung freuen sowohl preis angehen natuerlich laufen wohl gefuehlt haben etc fuehrerschein klasse,text
sadsatan1,Gibt es irgendwelche Superm√§rkte neben HBF mit SB-Kassen?,richtung neudorf hochfeld wanheimerort,text
WakeUpMrOppositeEast,Lockere Sportmannschaften,suche lock sportteam liebsen richtung fussball jahr mega sportlich eigentlich spass bewegung absolut fest ganz leben schon problem langfristig regelmaessig freizeit halten fruehe ziemlich durchziehen immer mehr teamsport fokus flexibel einteilen k√∂nnen sowas duisburg falls diffus klingen weiss selber hundertprozentig ganz wort fassen,text
dugf85,Bester Gr√ºnkohl in Duisburg?,herbst nahen somit gruenkohl mettwurst jemand geheimtipp gut gruenkohl geben,text
schluesselkind,altes Hotel in Huckingen,weiss jemand alt hucking neben tankstelle bzw gegenueber dr schiwago vorstellen schloss bauen werden kurz danach niemand neben pennen,text
Phischstaebchen,Beste Eisdiele im Umland?,favorisieren ja rheineis wedau freundin waehlerischer gibts autoreichweite eis eben obszoenteuer zwei kugel sahne bezahlen ueberwaeltigend gut eis geheimtipps,text
BumblebeeHuman5699,"Vodafone Kabel, diese gut?",ziehe norden duisburg walsum jemand erfahrung vodafone gebiet ausfaelle etc lesen ja echt schlecht kaum vorstellen scheinen stadt abhaengen auswahl haus dsl stabil klar,text
Dangerous_Air_7031,Kennt jemand einen guten Tierarzt in Duisburg?,leider tierarzt rente gehen jemand empfehlung haeben vielleicht sagen sollen katze vielen schon voraus,text
Bamischeibe23,Gro√übrand bei Grillo ,grossbrand rauchwolke duisburg ruhrgebiet nachricht wdr,text
Monstrax02,Gute Bars / Clubs im Duisburger Norden?,leute kurz hamborn grenze meiderich ziehen nett ausgeh spots informieren gerne mehr aehnlich sache finkenkrug,text
TheVoidyThing,Zustand der Wehrstegbr√ºcke am Ruhrwehr Duisburg ?,entschuldigen deutsch erst kurz land lernen menge deepl benutzen beitrag verfassen wehrstegbrueck pontwern ruhrdeich verbindung meiderichruhrort kasslerfeld ende juli wegen strassenbauarbeit sperren angenehmen moeglichkeit beide seite ruhr fahrraderoller befahren ende bauarbeit ende planen k√∂nnen ueberpruefe endgueltig abschlie√üen jemand bruecke letzter zeit benutzen mitteilen fussgaenger fahrradverkehr aufnehmen werden fuers lesen,text
FieserKiller,Wurde die Currywurst in Duisburg erfunden?,zwei wurstwissenschaftler glauben wurzel currywurst duisburg zurueckverfolg detail gibts bei wdr,text
Serious-Dinner9817,Kneipe/Trinkhalle/B√ºdchen nahe HbF um Mitternacht herum,fahren amsterdam duisburg heute nacht etwa stunde umsteigen geben bahnhofsnaehe entsprechend √∂rtchen trinken undoder spaeten zeit essen wegbier versorgen weiterfahrt,text
Responsible-Ad-9392,Duisburg Leute kennen  lernen ,tochter nett leute freuen vielseitig interessieren neu moechten bisschen chillen tipps freuen ja gern schuechter geben schnell,text
Phischstaebchen,Handwerkersuche in Duisburg ohne Erfolg?,neugier wieso bekommen duisburg umgebung kaum handwerker beispiel unterverteilung stromkasten neu arbeitswert zeit meinen pvanlage ab rufen gerne katastrophe zweiter baustelle garteneinfahrt pflastern arbeit ggf angabe dankend sofort ablehnen irgendwie gehen handwerk verstehen,text
UnluckyIntellect4095,"Aus √Ñgypten, suche eine WG n√§he Duisburg-Essen Uni",ismail k√∂nnsten izzy nennen falls einfach suche wg ab aug wohnen moechten ab studieren moechten wenig erzaehlen jahr kommen √§gypten elektrotechnik studieren lernen deutsch jahr einfach gespraech fuehren sprechen englisch arabisch franzoesisch lesen gerne kochen gehen freund tauchen unterhalten gerne mensch diskutieren vielzahl thema programmieren neu technik lernen allgemein ruhig halten ziemlich offen neu erfahrung aussetzen neu leute kennenlernen veraenderung sauberkeit ziehen organisiert umgebung leben zufaellig platz wg frei haben gut kandidat scheinen dm,text
JDee2105,Stumpfe weit entfernte Knalle,gute abend allerseits hoern dumpfen schlagdonner geraeusche weiss woher stammen koennen oefters walsum jedoch hoeren erster gewittern scheinen immer drei sechs schlaeg gehts laut leise,text
FearlessFan5046,Autoposer Wanheim-Angerhausen,zusammen wohnen wanheimangerhausen wanheimer strasse eigentlich ja ruhig gegend sommer treffen immer autoposerszene rheinpromenade benimmn waere ja leider absolut abend idiot wohl weit kmh natuerlich mitternacht anwohner zeigen toll amg getunte erzeugen verzweifle langsam sommer nacht unnoetigen laerm schlaf gerissen vermieter k√∂nnen schon aushandeln schallschutzfenster einbauen dennoch machen sorge sicherheit anwohner verkehrsteilnehmer erst letzter woche fahrradfahrerin anrasenden mercedes buergersteig retten kommen dabei gluecklicherweise passieren verhalten einfach dulden rennen fahren rufen schon polizei bringen verschwinden ganz schnell einsatz gehen unveraendert geschwindigkeitskontroll finden drei monat statt mittags uhr stoerenfriede unterwegs thematik schon zwei monat ratsfraktion spd cdu duisburgersueden schildern beide mail bleiben uebrigens bislang unbeantworten einsatz stadt anliegen mitteilen zustaendig fachbereich informieren pruefung sachverhalt weg leiten umgehend neu erkenntnis informieren letzter jahr april rueckmeldung bisher erhalten habt tipps kontaktdaten ratschlaege gut dagegen vorgehen,text
nikpau1337,Tartanbahn ,zusammen weiss jemand tartanbahn joggen geben frei zugaenglich,text
Feeling_Cash_355,Suche nach Freunde ,jahr wohnen buchholz innenstadt entfernt laengerem freund mehr freund sterben rauchen kiff betreiben gerne aktivitaet natur etc fabel fuers lesen kampfsport interesse melden,text
s17sem,Spots f√ºr Aufnahmen ,zusammen anfangen aufnahme motorraeder gehen geeignet spot koennt spot vorschlagen gut aufnahme vielleicht ht klein rauchgranat enden generell ungestoert aufnehmen generell frei flaeche beleuchtung verschieden farbe waere generell spot thyssen denken voraus,text
sadsatan1,Barber in Duisburg?,koennen friseursalon maenner naehe hbf empfehlen,text
Blitzard333,Finkenkrug,gestern schlecht sofern selber nachrechnet seitdem machen faellt gefuehlt rechnung hoch gestern sogar euro rechnen,text
AndreiWarg,Wo kann man legal picknicken und auf einem tragbaren Grill grillen?,zusammen nachfragen jemand weiss frau tochter naehe schoenes plaetzchen finden tragbar benutzen duerf ordentlich hinterlassen vorgefunden wichtig gesetz brechen deshalb achten waldbrandgefahr aehnlich regelung suche grillplaetze beispiel bereich sechsseenplatt finden recht teuer ehrlich sagen ueberdimensioniert vorhaben wirklich zwei stunde irgendwo sitzen essen zubereiten essen gehen riskieren vielen wuenschen schoenes wochenende,text
xDoomfistx,FPV Bando,suchen ruhig drohnefpv fliegen kennt jemand zufaellig bzw schoen wiese,text
JumpyAsk1330,Wie ist das √úber/-Leben in Marxloh? Interview,liebe duisburger freundin arbeiten momentan klein projekt sogenannter brennpunkt randgesellschaft deutschland befassen beleuchten alltag mensch aussehen stereotyp vorurteil aufraeumen erster dafuer marxloh rausgesucht zwei woche ausflug machen gegend rund um pollmann kreuz erkunden k√∂nnen grob eindruck leben alltag schlimm ecke waere wichtig hervorzuheben wuerdet gerne mehr gehoert fuehle etc konstruktiv antwort dankbar freuen kontakt,text
verlausteratte,Suche Musiker zum jammen.,jemand ungezwungen musik gitarrist mehrmals suche allerdings nie festes ergeben daran meister band fertig setlist weniger jammen interessieren zumal zeit dreivier woche treffen spielen hauptsaechlich aufgeschlossen geben raum duisburg musiker der aehnlich gehen reichen gelegentlich treffen einfach drauf losspieln vielleicht entstehen dabei sogar neu hit,text
unknown_or_deleted,Welches Team?,fragen bundesligamannschaft duisburg groes fangemeinde versuchen msv verfolgen familie urspruenglich stadt stammen bisschen deprimierend immer ende liga stehen sogar versuchen entfernung wohnort grossmutter wanheimerort stadie leverkusen moenchengladbach berechnen identisch immer bundesligamannschaft duisburger natuerlichsen unterstuetzen,text
DiamondRu,Ferien/Kinderveranstalltungen,zusammen beginnen feiern tochter monat gehen verschieden interesse entwickeln langsam entdecken richtig los gehen viele unternehmen wochenende gehen unternehmen zb spielplatz etc mami papis geben kind ferienveranstalltung kind duisburg hingehen tipps freuen,text
Silly_Quarter8575,Lip√∂dem / Arzt in Duisburg,fragen jemand gut arzt diagnostik lipoedem duisburg kennen aengstlich arzt angehen waere arzt ernst nehmen schonmal,text
DiamondRu,"Motivation, Walk-Buddy , Fitness Buddy in Duisburg ",zusammen kurz weiblich jahr wohnen jahr duisburg mama wundervoll tochter zuzug damals schon schwer freund finden gerne anfangen fragen jemand walkfitness brauchen denken waere schoen zweit meister gemeinsam motivieren gehen einfach spazieren dadurch schon kennenlernen jemand darueber freuen liebe,text
Best_Yoghurt4182,Erlernen der deutschen Sprache,kuerzlich mann tochter deutschland ziehen lernen deutsch tscheche introvertieren baracke sitzen suchen jemand deutsch lernen klein jahr geplant interaktion tochter zwei jahr schuechter deshalb brauchen raum zeit gerne spielplaetze museum usw gehen versuchen gemeinsam deutsch sprechen voneinander lernen jemand weiss treffen vielleicht website internet jemand aehnlich idee natuerlich chatten benutzen √ºbersetzer vereinbarung treffen niveau,text
eip2yoxu,Welche Teile des Landschaftsparks sind w√§hrend des Traumzeit Festivals begehbar?,zusammen familie kommen wochenende neu heimat besuchen landschaftspark zeigen allerdings sehen zeitpunkt traumzeit stattfinden seite landschaftspark stehen eingeschraenken begehbar sein weiss jemand zufaellig darunter verstehen bzw bereich oeffnen,text
Mero09,Wie angenehm ist die Rheinhausener Bahnhofsgegend?,gute allerseits schon schonmal fragen gegend xy ueberlege zeit vielleicht duisburg ziehen wunschstandort ruhrortduissern markt entsprechend umkaempfen bahnanschluss wichtig sehen wohnung bereich friemersheimbahnhof rheinhausen frei guenstig preis geben bestimmen gruend zb schlecht ruf polizei besuchwenig sicher heruntergekommener stadtteil marxlohhochfeld niveau denken schon vorab wirklich lesen sogar antworten schoene,text
TanitWorshiper,Suche nach einem Spirituosengesch√§ft mit guter Bourbon-Auswahl in Duisburg,zusammen suchen spirituosengeschaeft duisburg gut auswahl fuehren interessieren geschaeft vielzahl option selten schwer findenden flasche jemand empfehlung laede kennen der mitarbeiter auskennen waere dankbar vielen voraus hilfe,text
Shocky698,Ausl√§nderbeh√∂rde,moechten wohnung duisburg suchen wissen auslaenderbehoerd freundlich monat unbefristen aufenthaltserlaubnis beantragen moechten,text
ItchyExcitement658,Ummeldung Duisburg - egal wo oder im eigenen Stadtteil? ,ziehen duisburg schauen gerade frei wohnsitz ummelden duerfe buergerbuero stadtteil,text
Content-Lab1868,Ich will w√§hlen aber wo ?,leute heute waehlen finden broef bekommen herausfinden wohin googleonline finden,text
grilledSoldier,Erfahrungen mit Wohnen in H√ºttenheim?,wert gemeinde jemand konkret erfahrung huettenheim wohnen allgemein erfahrung stadtteil schwer online information stadtteil finden oberflaechlich wirken besonders auffaellig,text
Schansolo,K√∂nnte kurz jemand in Neudorf anpacken?,tischplatte neudorf sternbuschwegschweizerstr muessen vielleicht jemand kurz anpacken natuerlich bezahlung,text
HistoryPrestigious48,Was ist mit Burgerman los?,weiss jemand warum burgerman koloniestrasse woche schlie√üen irgendwann machen,text
Sternenschweif4a,CL Finale Public Viewing ,zusammen duisburg irgendwo kneipe clfinale schauen gut umgebung duisser,text
jcjcjcloop,Umzug nach Duisburg. Ben√∂tige Unterst√ºtzung,zusammen aktuell wohnungssuche entscheiden duisburg ziehen stadtteil wuerden empfehlen moecht suede duisburg woche wohnung wanheim angerhause anschauen gepflegt mehrfamilienhaus bj bodentiefe fenster dusche offen grundriss grosszuegiger kalt bewerten wanheim angerhause naehe empfinden riese pluspunkt aldi nah,text
sandbanksitzer,Copyshop f√ºr Bachelorarbeit?,zusammen kennen jemand gut copyshop eigen bachelorarbeit voraussetzung fertigstellung gleich dokumenteinreichung online,text
Quirky-Celery5503,Heizkostenexplosion Fernw√§rme,laut nebenkostenabrechnung betragen heizkost knapp euro gesamt mietshaus betragen euro jahr betrugen heizkost euro euro mietshaus entsprich steigerung haus angabe vorausabschlagszahlungen bereits insgesamt sechs mietpartei sprechen zeichnen aehnlicher bild krass frage gehen explodierend heizkost stehen wohnen duisburg mitte miete nutzen fernwaerme heizen heizkostenbremse entgegenwirken,text
schluesselkind,Ferienbetreuung,duisburg hats verkacken kind ferienbetreuung anmelden haben muesst ab mai nochmal wegen technisch stoerung anmeldung ungueltig werden,text
Apricosa,Stenger Lounge geschlossen?,zusammen weiss jemand zufaellig friseur stenger grabenstrasse passieren dauerhaft schlie√üen ploetzlich telefonanschluss website offline ladenlokal verwelke topfpflanz google stehen normal √∂ffnungszeit werden angekuendigen,text
Buckel_Flips,Schl√ºssel gefunden,schluessel rheinhausen finden aktiv frueher haeben facebook oertliche gruppe melden heutzutage ahnung mehr,text
Next-Werewolf9750,Restaurant nach Standesamt,zusammen denken aehnlich sehen entweder irre finden mehr heiraten standesamtlich samstag uhr danach essen gehen kennt schoenes leute hingehen duisburg nachbarstaedt waere moeglichst wenig zeit ueberbrueck muessen heisst ab uhr schon hilfe,text
unknown_or_deleted,Thyssenkrupp Teilverkauf an tschechischen Milliard√§r - was haltet ihr davon?,thyssenkrupp teilverkauf tschechisch milliardaer halten davon,text
Exact-Landscape9549,Autobahnausbau A40 auf H√∂he Duissern ,schrebergarten direkt naehe entlang futterstras duisser gestern werden markierung setzen zeigen neben zukuenftig neu versorgungsstras verlaufen generell geben ausbau spaerlich information gerne gut wissen zukommen weiss jemand ausbau abschnitt verlaesslichen information kommen vielen,text
New_Bad6844,Termin B√ºrgerb√ºro,duisburger benoetig wissen schwarms moechten innerhalb duisburg ummelden buergerbuero postleitzahl zustaendig beliebig dienststelle kommen monat dienststelle innerhalb postleitzahl,text
WakeUpMrOppositeEast,Achtung Achtung keine √úbung,liebe duisburger machs kurz anzeigenhauptmeister muelheimerstr antreffen duerf ner sicher ikonisch fahrrad montur fahrradhelm k√∂nnen erst glauben kurz umgedrehen gesicht schauen k√∂nnen niemand niclas matthei erwidern insta geprueft sehen stunde hamm fahren zug jemand sehen sicher bestaetigung waere haha duisburgmaximal insta bestaetigen tatsaechlich duisburg,text
Particular_Piglet821,Kosmetiker/in gesucht ,suchen gut kosmetikerin auswaschen vergroessert pore genau sagen hydrofacial auskennen empfehlung willkommen,text
InternationalFill323,Feuer?!,warum gehen warnsiren,text
Particular_Piglet821,Suche nach Kosmetiker,suchen gut kosmetikerin entfern hautunreinheit verstopfen pore empfehlen koennen leider hautaerztin gro√ü hilfe vielen voraus vorschlag willkommen,text
planelovingperson,Geht ihr nach sonnenuntergang nach marxloh?,gehen sonnenuntergang marxloh,text
Particular_Piglet821,Vanille Croissant ,zusammen tag vanillecroissant vanillecremfuellung leider bereits vieler baeckereie abgeklapperen erfolg jemand vorschlag baeckerkonditorei sowas vielen schonmal,text
rattenfurz,Salzkaramelleis,gibts duisburg eisdieler salzkaramelleis fuehren,text
Schansolo,Brettspielgruppe in Neudorf,lieben kuerzlich hund duisburg ziehen generell ganz gern jedoch fehlen ausuebung hobbie haeben jemand interesse regelmaessige brettspiel runde wohnen neudorf eingerichtet zimmer zocken dazugehoeriger spielesammlung flexibel familie spielen tokyo expertenspiele wasserkraft usw usw falls jemand sowas haeben melden gerne btw jahr falls irgendwie wichtig viele,text
Skevinger,Was ist los mit dem Schreihals in der Duisburger Innenstadt?,seitdem duisburg leben innenstadt gehen sehen baertigen mann afrkanische wurzel zusammenschreit traegen gross buch wahlweise besen weswegen besenmagier taufen schreien ununterbrochen unfreundlich monolog fremdsprache gehen jahr weitestgehend ignorieren nie mitbekommen polizei rufen werden irgendwie schranke weisen werden weiss jemand kontext kennt harmlos gefaehrlich,text
Anonyme1209,Wohnungssuche,zusammen kennen wissen duisburg beeck zimmer wohnung warmmiete qm verfuegbar dachgeschoss liebe,text
rattenfurz,Anwalt f√ºr Mietrecht in Du?,wohnung sieben tag spanien abwasser nachbar fluten stellen vermieter dumm behaupten muessen entsorgung teppich laminat aufkommen brauchen anwalt jemand anwalt empfehlen thx,text
AlterEgo4524,Kannst du einige Tanzkurse empfehlen?,jung mann jahr energiegeladener tanz duisburg moer kamp lintfort,text
sgtbooker,01.04.  weedmob - ist Irgendwas geplant ?,kiffokalypse koeln weit ja irgendwie planen,text
Korato,Suche Apotheker mit Geduld in Duisburg,suchen apotheker duisburg wegen kompliziert anliegen sofort abweisen freund privatarzt behandeln bekommen medikament europaeische privatrezept freerx leider schon mehrere apotheke niemand tokensystem erklaeren lassen meister unserioes halten fragen heute apotheke kommen zeit nehmen erklaeren lassen funktionieren melden duisburger apotheker moeglicherweise sogar bereits kennen zeit nehmen koennen lernen,text
Sternenschweif4a,"Umzug nach Duisburg-Tipps, Tricks, Erfahrungen",zusammen mitte jahr wesel anfangen arbeiten grossstadt wohnen duisburg ziehen wohnen frau ende zwanzig brauchen pendeln naehe bahnhof denken ichkann meidrich richtung pendeln ansonsten neudorf dellviertel altstadt finden infos gruppe verein etc jueng mensch aktiv immer chor singen gern neu erfahrung offen tipps erfahrungsbericht freuen,text
B_O_F,Gute Kantine in Duisburg,zusammen kennen jemand duisburg anstaendig kantine ziemlich kraeftig essen optimalerweise samstag,text
TheGlave,Gute Barber in Duisburg Neudorf und Umgebung?,kennt jemand gut haar schneiden zwei ausprobieren der gefuehl lernen tag einfach maschine nehmen sagen schwer schon,text
gianni_brixton,Longboarden in Duisburg? ,suchen gut spots duisburg longboarden dh gut lange strecke wenig verkehr anfaenger jemand tipp,text
AbsoluteBeginner1970,Kultige Buden,liebe leute niederlaender deutsch scheisse lange ab komplett duisburg begeistern duisburg einfach neu immer zweiter heimat vielleicht schimanski weiss jahr landen zufaellig caf pampus realschulstra√ü voll kultig bude wirtin tolle leute weggetragen richtung ferrotel frage kneipentour wobei aehnlich bude natuerlich gewissen bringen weissen duisburg perlchen finden liebe leute kneipentour wollen immer gerne lg nederland,text
South_District_1694,Der Katastrophenschutz in Duisburg sucht neue Mitglieder,liebe reddit katastrophenschutz suche neu mitgliederm katschutz sandienste guck interesse wecken schreib gerne vereinbaren probetag,text
Holiday_Ingenuity701,DGS in Duisburg,vielleicht ungewoehnleichen weg suchen duisburg umgebung jemand gebaerdensprache darauf ueben vhs dgskurs belegen aufgrund weniger √ºbung danach leider unheimlich vergessen dabei regelmaessiger kontakt entwickeln gemeinsam unternehmen waere natuerlich richtig kurz jahr september freuen jemand melden,text
V1to47,Kost√ºme f√ºr Kinder,gut kostuem kleine shoppe,text
Yaygher69,Mathe Lehramt f√ºr Gymnasien,leute schaffen leider universitaet leipzig bestehen gerne universitaet wechseln suchen mathematik mehr ruecksicht lehramtsstudent nehmen leipzig leider studiert jemand lehramt mathe uni duisburgessen ja waeren rezension echt lieb fachfaecher rausschmeisser sinddanke,text
ItchyExcitement658,Beste ‚Äúausl√§ndische‚Äù Superm√§rkte,suchen lebensmittelgeschaeft landesspezifisch fuehren zb rumaenisch polnisch griechisch afrikanisch asiatisch laender ganz egal stoeber gerne maerkt kochinspiration finden bestsortierteste tuerkischarabisch,text
roundingTop,1&1 Probleme in Duisburg,zusammen habt letzter tag problem netz telefonisch erreichbar niemand anrufen internet machen zicken liegen mehrfach neugestarten simkarte konkurrenz k√∂nnen telefonieren surfen,text
summerhoops,Second Hand/Thrift Shops,zusammen kennen jemand lohnenswert shop duisburg herrenkleidung verkaufen tipp dankbar,text
demenz-ist-doof,Was gibt es Neues in Duisburg?,geben bezahlbar wohnung arm fruehrentner suche leider hoffnungslos,text
Greenlily58,Ohrl√∂cher stechen lassen,zusammen ohrloecher zugewachsen muessen neu stechen lassen jemand piercerjuwelier seineihre vertrauen empfehlen,text
GustavGL1991,Tips f√ºr Duisburg,heute duisburg habt tip vielleicht schoen sehen niederlaend,text
Ok-Particular2055,Bester D√∂ner in Uni N√§he,kennt jemand gut doenerlade naehe uni duisburg suchen gut doener uni naehe,text
Middle_Chair_1153,Werkstatt f√ºr Lackschaden gesucht,leider fies steinschlag erwischen mack motorhaube gross rostet recht zeitnah lassen jemand empfehlung werkstatt,text
Anilanoa,Suche guten Gyn√§kologen/in in Duisburg?,zusammen recht frisch hierher ziehen suche frauenarzt bzw frauenaerztin tbh praeferenz onlinereviews allein verlassen irgendwie immer knifflig freund bekanntenkreis kennen irgendwie jemand empfehlen vielleicht jemand helfen vergessen angeben irgendwas neudorf nordduissernmitte waer ganz ehrlich wenns iwe anstaendig geben waer fein,text
MobofDucks,Beste Currywurst in Duisburg,jut zusammen suchen currywurstempfehlunge stadt fruehe gut anlaufpunkte mittlerweile freund verwandte besuchen nichtmehr zeit experiment eigentlich relativ wumpe effektiv moeglich,text
AdSwimming7329,Niederl√§ndisch/Niederl√§nder in Duisburg,fragen jemand firma betrieb duisburg umgebung kennen niederlanden zusammen arbeiten niederlaendisch arbeitssprache fragen branche erstmal relativ egal deutsche lernen sprechen schon jahr niederlaendisch gerne berufsleben einsatz bringen kommen duisburg uni duisburgessen niederlandistik anbieten denken umgebung vielleicht daher unternehmen geben richtung niederlande orientieren duisburg verhaeltnismaessig nah grenze tipp dankbar gute,text
Karash770,Duisburg ist die deutsche Gro√üstadt mit den meisten Hotels/Besucher,wirklich neuigkeit artikel stolpern trotzdem ueberrascht deutsche staedte vergleich stadt groessten hotelangebot leben wissen glauben warum duisburg vieler hotel geben,text
maennerinschwarz,"Kennt jemand eine Bar oder ein Caf√© in Duisburg, in dem man gute Metal-Musik h√∂ren kann? Wenn ich in Berlin war, gab es einige wirklich gro√üe Bars im Gothic-Stil ‚ù§ Let the metal heads make themselves known ü§òü§ò",kennt jemand caf duisburg gut metalmusik hoeren wirklich gro√ü bar gothicstil head,text
PrincipleSome82,Aktivit√§ten in Duisburg,suche vorschlaeg freizeitaktivitaet duisburg idee dankbar ganz hobbie simple ausflugsziel alltaeglich,text
Affectionate-Dig9246,Restaurant Bambus Neudorf,zusammen weiss jemand asiatisch bambus neudorf passieren irgendwie findest naehr infos dichtmachen umziehen antwort wohl nen neu kloecknerstr offen,text
Hermit_Owl,Where do you guys go for shopping clothes?,neu duisburg moechten wissen kleidung kaufen insbesondere winterkleidung kennen ort markengeschaefte finden suchen lokal maerkt mehrere geschaeft relativ guenstig vorschlagen vielen antwort centro fahren verschieden moeglichkeit wirklich genosse freuen darauf zukunft weit vorschlaeg auszuprobieren,text
baumwollherz,"Ist die Webseite ""student-housing-duisburg.de"" ein Betrug?",suchen wg duisburg wggesucht finden webseite online vermieter treffen zimmer wg mieten denken daran,text
Atreya95,Terminverschiebung f√ºr die Abholung des Aufenthaltstitels,zusammen aufenthaltsgenehmigung beantragen bekommen email auslanderbehorde abholung geben allerdings verfuegbar aendern absagen denken dadurch moeglichkeit haeben spaetere waehlen sehen frei ende november,text
Kitchen-Fox9342,G√ºnstig Billard spielen,leute duisburg guenstig billard spielen gut waere billardtische fragen waeren erst alleine ueben vielen,text
Hermit_Owl,Wie kann ich Sperrm√ºll (MDF-Platten und Sp√ºlbecken) entsorgen?,neu duisburg deutschland kueche alt kueche bauen lassen muessen mdfplatt alt spuelbecken entsorgen geben tag der draussen bleiben handwerker sagen letzter montag monat abholen,text
unknown_or_deleted,0211 WG,herr wirklich ueberzeugt originalpost liebe neulich suche wg baldiger dabei wg gestossen vermieter vorher teilweise lange wartezeit rueckmeldung manchmal kommen binnen weniger stunde direkt mietvertrag zustande kommen verwirren besichtigung buergschaft oae kaution schluesseluebergabe verlangen nachweis erster mietzahlungbesonders auffallen rechtschreibfehler der homepage sehen onlinerezensionen oae grund misstrauen verunsichern irgendwie deshalb geben erfahrung vermieter mache vieler gedanke einfach glueck schnell rueckmeldung,text
AbsoluteCluelessNerd,"Frage: W√ºrdet Ihr Mitglied ( ein von 7 Vereinsgr√ºnder) eines Duisburger Cannabis Clubs werden, wenn das Gesetz durchkommt ?",frage wuerdet mitglied vereinsgruender duisburger cannabis club gesetz durchkommen,text
kubilx,Ist in Duisburg Donnerstags was los?,arbeitskollegen donnerstag freitag ausflug duisburg juengeren haetten bestimmen abends trinken feiern gehen gehen donnerstag irgendwo irgendwas duisburg donnerstag eher,text
PrizeHurry2328,√ñffentliche Fu√üballplatz ? ( Gras ),√∂ffentliche fussballplatz gras,text
roundingTop,Wo gibt es noch richtigen D√∂ner?,zusammen titel selbsterklaerend lieferando doenerlade suchen geben ausschliesslich drehspiessfleisch laede richtig doenerfleisch finden doener nennen d√ºrfen duisburg gleichzeitig schmecken besten,text
BescheuerterName,Dr√ºcker unterwegs,stadtgebiet schmeissfliege druecker unterwegs stehen rote vodafone tuer draengen massiv luegengeschicht einlass wohnung sensibilisiert aelterer verwandte nachbar betrug reinfallen,text
Select-Range-1293,Durchsage in Duisburg Meiderich.,sagen jemand gehoert,text
lrhd101,Jute Tasche mit Stadtteilnamen gesucht,sehen letzter zeit ziemlich leute beutel herumlaufen duisser neudorf wasserviertel aufdruck weiss jemand kaufen,text
BuizGamez,Hilfe bei Standortsuche,zusammen gestern rlegaladvicegerman fragen lesen gerne kontext werden gesucht wagen einstellen kennt jemand umgebung voraus,text
Milaenski,√ñffentliche Tischtennisplatte,neu bisher finden kennt jemand oeffentlich tischtennisplatte duisburg gut neudorfduissern vieler vorschlaeg gelegenheit abklappern,text
KesterAssel,K√∂nnt ihr ein Reiseb√ºro empfehlen?,freundin gerne sommer zug europa reisen buchung online grenze schlafzuege frustrierend deshalb gerne professionell beraten lassen jemand gut erfahrung reisebuero,text
joschi8,Stadtbahn app,neu feststellen stadtbahn recht unregelmaessig faehren vieler bahn ausfallen geben irgendeiner app fahrplaene akkurat anzeigen db mutti app beide schrott hinsicht,text
Individual_Muffin382,Stripclub Duisburg - Jemand Lust?,dreh betrieb stripclub suchen kommend montag ab duisburg person stunde zuschauer sitzen moechten gesicht wunsch verpixeln interesse melden gerne,text
Schmogel,Beste W√§scherei,ja muessen anzug dringend waescherei geben ruinieren duisburg mitte,text
SorryIAmNew2002,Geht noch jemand gern Spazieren? (Duissern),zusammen freund wohnen jahr duisser gehen unglaublich gerne spazieren alt wohnort staendig bekannte minute einfach kurz runde laufen leider netz bilden darum frage anlaesslich gut wetter vielleicht jemand gesellschaft leisten moechten liebsen gehen vormittag fruehnachmittag koenigsberger allee entlang strasse generell umliegend umgebung weiblich studiern duesseldorf gern reden sehen machen interesse zaehlen handarbeit besonders sticken haustier kater python romantisch serienbuecher prequel bridgerton besonders schoen gerne uniarbeit quatschen ziemlich engagieren unterwegs schreiben gerne gegend sein immer spontan spazieren gehen englisch ganz falls sprache barriere,text
unknown_or_deleted,Der ambulante Hospizdienst Bethesda e.V. sucht noch ehrenamtliche Verst√§rkung,ambulant hospiz bethesda ev suchen verstaerkung verein schwerstkranke sterbend mensch letzter begleiten erwarten engmaschig begleitung betreuung erfahren fachpersonal angemessen weiterbildung vieler nett interessant mensch haben ehrenamtlich gute sinn stiften entwickeln schreiben gerne nachricht gerne teilen sagen,text
roundingTop,Sehensw√ºrdigkeiten/Aktivit√§ten in Duisburg,leute gerade diskussion gut haelfte duisburger sehenswuerdigkeit freund pfingst stadt unsicher wuerden sehenswuerdigkeit vorschlagen vorschlaeg landschaftspark ziegenpeter onkel kaufen hafenrundfahrt geben aktivitaet absehen landschaftspark,text
c0rrrndawg,Beach Volleyball Pl√§tze (freies Spiel),geben duisburg frei zugaenglich feld bzw weiss jmd regelmaessig spielen lg schoen woche,text
rattenfurz,Hautarzt ohne Termin?,drei hautaerzte anrufen juli anbieten bekommen geben hautaerzte duisburg sitzen wasser wartezimmer,text
rattenfurz,Empfehlenswerte Kantinen?,homeoffice arbeiten gehen rentner mittagszeit gerne kantine kantine polizei duesseldorfer empfehlen geben erwaehnensweren kantin,text
GiantGiraffe_17,Suche leerstehende Gewerbe- bzw. Industriehallen im Ruhrgebiet f√ºr Bachelorarbeit,zusammen suchen bachelorarbeit architektur leerstehend gewerbe bzw industriehalle ruhrgebiet vollstaendig ungenutzt industrieareale zb dortmund hoesch westlich hauptbahnhof kennen weiterhelfen,text
Top-Barracuda-1880,E-Scooter geklaut.Meiner Frau ist heute der Scooter geklaut worden auf dem mercator Gymnasium aus der Fahrradbox und der Scooter war abgeschlossen. Scooter Farbe wei√ü bitte um Hilfe!,escooter geklautmeiner frau heute klauen werden mercator fahrradbox abschlie√üen farbe weiss hilfe,text
ErwinSchwachowiak,"Gibt es hier Leute, die Magic (oder allg. Brettspiele) spielen? Oder Interesse daran haben?",leute kurzem zwei einsteigerdeck kaufen allerdings fehlen jemand spielen geben jemand schon spielen bzw interesse daran haeben regel kennen erklaeren geben leute gerne brettspiel spielen gerne anspruchsvollere infos eher ruhigeer typ,text
unknown_or_deleted,Authentische chinesische Restaurants in Duisburg,gehen gerne richtig chinesisch essen essen schweinefleisch suesssauer sowas wissen kennt jemand gut restaurant duisburg ja immerhin ende seidenstra√ü,text
unknown_or_deleted,Beste Falafel: Rhein Restaurant in 47226 Duisburg,begeistern lieferung schnell angeben preis voll ordnung geschmack hommous falafel gut richtung je gegess empfehle ausserder richtig veganes vegetarisch karte einzig pommes haetten minute laenger gekonnt verzeihen scheisse geiler falafel,text
BroBracht,Verunreinigtes Trinkwasser?,weiss verunreinigt trinkwasser gehoert wohl teil homberg betreffen sollen,text
c0rrrndawg,Calisthenics / Movement culture / Kraftsport f√ºr Funktionalit√§t,wohnen lange duisburg suche geeignet ort gruppe gleichgesinnt kraftfunktionalitaetssport sinn calistenicsmovement bsp ido va fokus arbeit eigen koerper spielerisch gestaltung scheinen vieler moeglichkeit geben koloniestrasse geben calistenic geruest regattabahn trimm pfad jedoch irgendwie ungenuegend vorstellen teuer crossfit mitgliedschaft leider oftmals teuer jemand tipps kennen gruppe einrichtung richtung lg,text
rattenfurz,Bester Gyros,juchu gyrosdealer duisburg umgebung empfehlen,text
unknown_or_deleted,Nach 15 Jahren K√∂ln bin ich zur√ºck in meine Heimatstadt Duisburg gezogen. Habt ihr n paar coole Tipps f√ºr... Stuff?,sowas cool kneipe biergaert vielleicht sogar club techno waere partylocation restaurant √§ schoen ort uswusf wohne rheinhausen direkt fahrrad √∂ffi erreichen moeglich,text
AutoModerator,"Happy Cakeday, r/duisburg! Today you're 11",let moment insights post wissen einzig photoshop bedienen urattenfurzhttpswwwredditcomuserrattenfurz fruehhttpswwwredditcomrduisburgcommentstcejxq ujohnluckpickerthttpswwwredditcomuserjohnluckpickert abendlicht ufieserkillerhttpswwwredditcomuserfieserkiller duisburger weihnachtsmarkt christmas uastridisherehttpswwwredditcomuserastridishere jemand christmas ulolaliggetthttpswwwredditcomuserlolaliggett uastridisherehttpswwwredditcomuserastridishere aufzuege funktionieren anzeige mehr zufall glauben nichthttpswwwredditcomrduisburgcommentsreuaqx bahn,text
DanTheBizeps,Tartanbahn in Duisburg,wohn schon ner laengeren zeit duisi erst monat mitr joggen anfangen regattabahn mega laeng langsam laeufe haeben gerne tartanbahn tempolaeufe ja woechentlich schlecht sollen stadionnaehe ja leichtathletikarena immer vorbeigelaufen leider faends eigentlich geil vereinszeit anpassen muessen kennt jemand tartanbahn einfach frei zugaenglich gut soo weit neudorfduissernregattabahn entfernt vielen voraus schonmal,text
topherette,"Wie bei anderen St√§dten, gibt es lustige Spitznamen f√ºr Orte in und um Duisburg?",gerade ganz lustig anscheinend sagen leute kappesserm highfield beispiel,text
Martin-1996,Ich suche ein m√∂bliertes Zimmer f√ºr mindestens 3-4 Monate,suchen ab ende mindestens monat moebliert zimmer wg familie aehnlich vorstellung miethoehe liegen je lage mietvertrag interessant waeren duisburg essen duesseldorf dortmund wuppertal velbert klein gemeinde umgebung bahn busanbindung geben besitzen zimmer unbefristet befristen mindestens monat ausserdem vereinbarung kuendigungsfrist woche wichtig moeglichkeit zimmer spaetestens monat kuendig vertrag ende gleich monat beenden mitbenutzung waschmaschine waere zwingend notwendig waschmoeglichkeite naehe geben maennlich kommen marburg letzter jahr ausbildung mediengestalter frankfurt machen ausbildungsbetrieb vollzeithomeofficearbeitskraft uebernommen arbeiten internettarif besitzen allerdings jahrelang homeoffice bleiben marburg vieler unternehmen geben genau sehen wunsch oben genannt umgebung ziehen direkt koeln waere wiederum teuer fahrtweg marburg hierhin betraegen moechten wohnungsbesichtigung nehmen grund warum vorerst zimmer suchen umgebung kennen lernen deutlich kuerz weg richtig besichtigung hobby ansonsten sofern schnell gruene kommen joggen gymnastik ueb beruf gerne hobbymaessig bezueglich weit frage koennen gerne jederzeit schreiben,text
rattenfurz,Sch√∂nen Gru√ü an alle Nachbarn mit der lauten Musik am Sonntagvormittag,nachbar beschallen ab uhr sonntags kompletn innenhof skurril selektion fahrstuhlmusik schwedisch afrotrap machen schon monat bisher polizei rufen scheinen geniessen inklusive gruss nachbar gut musikgeschmack,text
Level-Lifeguard9922,Warum sieht das Landesarchiv so aus?,grund warum landesarchiv duisburg aussehen ueberdimensionierten spielzeug kleinkind,text
NewMonth20,Interviewpartner aus dem Ruhrgebiet gesucht,projektarbeit universitaet duisburgessen bereich soziolinguistik suchen interviewpartner interviewpartnerin zeit frage beantworten dabei gehen thema sowie bedeutung sprache sozial leben alltag ganz onlineinterview aufzeichnen ganz normal einfach frage dabei stellen aufzeichnung innerhalb seminargruppe teilen √∂ffentlichkeit gelangen natuerlich freiwillig irgendwas nachhinein fallen deswegen bedenken haben aufzeichnung selbstverstaendlich loeschen voraussetzung musst volljaehrig ruhrgebiet leben stunde zeit einverstaendniserklaerung unterschreiben gehen deutsch herkunft migrationshintergrund haben waere muttersprache tuerkisch arabisch kurdisch waere falls interesse darueber freuen einfach privatnachricht senden weit privat klaere,text
rattenfurz,Fahrradschlauchautomat,stehen duisburg fahrradschlauchautomat rheinpark leider groesse,text
vmansh,Suche WG Duisburg,leute jahr erstsemester international uni duisburg tag suche wg duisburg bzw neudorf nordduisserndellviertel duisburg einzieheweil vorlesung beginnen sozusagen dringen wg mieten schon webseit zb wggesuch nachgesehen manscher person nachricht senden weiss warum antwort bekommen davor aufenthalt vorbereiten moeglicherweise vorschlaeg geben irgendwo aufhalten kennen guenstig wg verfuegbar,text
Slaxx93,"Hallo Duisburger, aktuell wird die Siedlung an der Rembrandtstra√üe im S√ºden neu gebaut und meine Freundin und ich spielen mit dem Gedanken nach Duisburg zu ziehen. K√∂nnt ihr mir eure Erfahrungswerte zu dem Gebiet geben wie es sich dort so lebt? Wie das Umfeld ist und weitere Tipps evtl.?",duisburger aktuell siedlung rembrandtstra√ü suede neu bauen freundin spielen gedanke duisburg ziehen koennt erfahrungswert gebiet geben leben umfeld weit tipps evtl,text
bbaustoffe,Suche Graffiti K√ºnstler,suchen aktuell graffiti kuenstler zwei xxl sprays unser lagerhalle gestalten moechten,text
reddituser21474,Food delivery service in Duisburg (Lebensmittellieferservice),essenslieferdienste nutzen duisburger,text
Astrid_is_here,Ge√§nderte √ñffnungszeiten des Impfzentrums Duisburg,√∂ffnungszeit stationaeren impfangebot hauptbahnhof aendern ab kw folgen dienstag mittwoch freitag samstag donnerstag uhr sonntag montag schlie√üen erster lange donnerstag √∂ffnungszeit abend hinein somit erster sonntag montag schlie√üen informieren bekanntenkreis niemand verschlossener tuer stehen berufstaetige wissen abhetzen muessen ganz entspannen lang donnerstag impfung gehen,text
Astrid_is_here,Umschreibung ausl√§ndischer Impfzertifikate,ausland erhalten marientor digital impfzertifikat europaeisch umtragen lassen voraussetzung impfstoff erhalten deutschland zulassen derzeit biontech pfizer moderna astra zeneca johnson johnson novavax impfpass verlieren impfung neu impfpass eintragen digital zertifikat ausstellen lassen geimpft person sortieren hilfreich impfung erinnern weiss mehr empfehlenswern letzter druecker kommen zeit benoetigen,text
_work-n-progress_,Musikbedarf in Duisburg kaufen?,hej zusammen moechten gern kaufen amazon thomann bestellen geben duissernneudorf etc haendler musikbedarf suche instrumentenkabel vg,text
tooyoungentertaiment,Pazzo - Handy am vibrieren,released landschaftspark duisburg nord aufnehmen werden aktivieren glocke verpassen pazzo vibrieren domboi beat,text
ErwinSchwachowiak,Suche B√ºcher/Literaturgruppe in DU und Umgebung,leute suchen gruppe buecher generell literatur besprechen duisburg naeherer umgebung gerne ansehen falls tipps haben,text
Astrid_is_here,Schnuppertraining Wasserball,bieten schnuppertraining wasserball jung maedche voraussetzung seepferch bzw bronzeabzeiche entsprechend schwimmkenntnisse anmeldung weit findest internetseite spass kommen kurz neben geben soweit zulaesst attraktiv angebot turnier ausflueg zelt,text
Astrid_is_here,Hier kommen die Termine f√ºr die Corona-Schutzimpfung in der KW 06/22,kw impfunge folgend standort anbieten montag uhr uhrevangelische kirchengemeinde hombergwilhelmstr duisburghaupteingang lauerstr dienstag uhr uhrfriedenskirche hambornduisburger strasse duisburg mittwoch uhr uhrchristuskirche rheinhausenfriedensstr duisburg donnerstag uhr uhraok rheinlandhamburgfalkstrasse duisburg freitag uhr uhrkirche hubertus rahmam rahmer duisburg darueber hinaus bestehen natuerlich weiterhin moeglichkeit nachfolgend standort montags sonntags uhr kostenlos vorherig anmeldung impfen lassen flaeche gegenueber merkez moschee warbruckstras duisburg vorplatz hauptbahnhofe portsmouthplatz mercatorstra√ü duisburg benoetigen unterlage ausfuellen mitbringen unnoetig wartezeit vermeiden darum benoetigten unterlage aufklaerungsboge anamnese impfeinwilligung ausgedruckt ausfuellen mitzubringen kleiner erfolgter impfung kopie impfbescheinigung impfdatum vergessen machen suche wesentlich schnell einfach impfausweis verlieren gehen ausstellung impfzertifikat impfunge impfzentrum duisburg gesundheitsamt duisburg kollegin kollege stehen wohnen montags freitags zeit uhr marientor verfuegung wichtig hinweis finden benoetig folgend angabe anmelden nr kassenaerztlich vereinigung ccduterminvergabe arbeitgeber spontan anmeldung vorbeigekommen wann finden impfunge statt genau mehr kennen versuchen weit moeglich eingrenzen erleichtern finden verkuerzen wartezeit impfung gelb impfpaessen kollege begrenzt kontingent vorraetig primaer mensch denken der aufgrund hohes alter gehbehinderung zumuten apotheke kaufen eintragen impfung marientor kommen bitten gelb impfpass apotheke kaufen kosten euro eintragen impfung wochentags marientor kommen wegen urlaub krankheit besetzen gern pfort melden kollege rufen impfung eintragen,text
Astrid_is_here,Kinderschwimmkurse in Duisburg,seite vielleicht hilfreich eltern schwimmkurs suchen schwimmverein auflisten schwimmkurs anbieten praktischerweise bezirk sortieren,text
SimontheShooter,Autowerkstatt in Duisburg,duisburger ziemlich neu duisburg kuga machen leider problem koennt gut werkstatt empfehlen bevorzugt irgendwo dellviertel naehe hauptbahnhof hoffen einfach schwarmintelligenz reddit,text
untitledbrokolli,SEV Haltestelle,weiss jemand genau bushaltestelle sevbus oberhausen hauptbahnhof duisburg hauptbahnhof,text
Astrid_is_here,Noch Pl√§tze frei im Kinderschwimmkurs,kurs finden montags uhr hallenbad memelstrasse statt kontaktdaten anfrage bezueglich preis anmeldung finden kinderschwimmkurs duisburger schwimmverein,text
Astrid_is_here,Corona-Schutzimpfungen in Duisburg in KW 04/22,naechster woche impfunge folgend standort jeweils uhr anbieten montag kirchengemeinde dionysius walsum pfarrhaus kardinal galen elisabethstra√ü duisburg dienstag staedt kind jugendzentrum insel neuenkamp benediktstras duisburg mittwoch ev kirchengemeinde altduisburg salvatorkirche burgplatz duisburg donnerstag aok rheinland falkstras duisburg neben dezentral angebot bestehen weiterhin moeglichkeit nachstehend standort uhr montagssonntag impfen lassen buergermeisterwendelplatz althomberg lauerstrasse duisburg flaeche gegenueber merkez moschee warbruckstras duisburg ehemaliger parkplatz buscherstra√ü duisburg vorplatz hauptbahnhofe portsmouthplatz mercatorstra√ü duisburg ausstellung impfzertifikat kollegin kollege stehen wohnen montags freitags zeit uhr marientor verfuegung beachten folgend hinweis finden benoetig folgend angabe anmelden nr kassenaerztlich vereinigung ccduterminvergabe arbeitgeber spontan anmeldung vorbeigekommen wann finden impfunge statt genau mehr kennen versuchen weit moeglich eingrenzen finden naemlich standort sortieren impfung kleiner impfung impfbescheinigung erhalten davon kopie impfung vergessen nachtragung erforderlich wesentlich schnell finden impfbescheinigung sowie digital impfzertifikat erstellen gelb impfpaessen kollege begrenzt kontingent vorraetig primaer mensch denken der aufgrund hohes alter gehbehinderung zumuten apotheke kaufen eintragen impfung marientor kommen bitten gelb impfpass apotheke kaufen kosten euro eintragen impfung wochentags marientor kommen,text
Astrid_is_here,PCR-Tests in Duisburg,gegeben anlass moechten teilen duisburger pcrteststatione finden schnelltest positiv ergebnis aufweisen pcrtest lassen pcrteststatione duisburghttpsdutestetdeduisburgweitereteststelle naemlich immer person positiv schnelltestergebnis marientor schicken obwohl geraum zeit mehr testen lediglich impfkoordination impfausweisstell befinden hoffen meldung vieler erreichen niemand mehr umsonst machen informieren gern freund bekannte,text
Astrid_is_here,Corona-Schutzimpfungen in Duisburg in KW 03/22,montag katholisches altenzentrum beeckerwerth hausknippstr duisburg dienstag agd alevitische gemeinde duisburg ev friedrichalfredstr duisburg mittwoch ditib moschee huettenheim batterie duisburg donnerstag landschaftspark duisburgnord geblaesehalle emscherstra√ü duisburg freitag pfarrzentrum marie schwarzenberg lindenallee duisburg neben dezentral angebot bestehen weiterhin moeglichkeit nachstehend standort uhr montagssonntag impfen lassen hauptbahnhof duisburg portsmouthplatz duisburg buergermeisterwendelplatz althomberg lauerstrasse duisburg flaeche gegenueber merkez moschee warbruckstras duisburg ehemaliger parkplatz buscherstra√ü duisburg vorplatz hauptbahnhofe portsmouthplatz mercatorstra√ü duisburg ausstellung impfzertifikat kollegin kollege stehen wohnen montags freitags zeit uhr marientor verfuegung hinweis finden benoetig folgend angabe anmelden nr kassenaerztlich vereinigung ccduterminvergabe arbeitgeber spontan anmeldung vorbeigekommen wann finden impfunge statt genau mehr kennen versuchen weit moeglich eingrenzen finden naemlich standort sortieren impfung kleiner impfung impfbescheinigung erhalten davon kopie impfung vergessen nachtragung erforderlich wesentlich schnell finden digital impfzertifikat erstellen gelb impfpaessen kollege begrenzt kontingent vorraetig primaer mensch denken der aufgrund hohes alter gehbehinderung zumuten apotheke kaufen eintragen impfung marientor kommen bitten gelb impfpass apotheke kaufen kosten euro eintragen impfung wochentags marientor kommen,text
Astrid_is_here,Dezentrale Impfangebote in der Woche ab 10.01.2022,naechster woche dezentral impfunge folgend standort jeweils uhr anbieten montag evangelisch kirchengemeinde meiderich damm duisburgmeiderich dienstag bildungszentrum handwerk konradadenauerring duisburgneumuehl mittwoch christuskirche friedensstr duisburg donnerstag logport europaallee duisburg freitag uni duisburgessen forsthausweg duisburg neben dezentral angebot bestehen weiterhin moeglichkeit nachstehend standort uhr montagssonntag impfen lassen buergermeisterwendelplatz althomberg lauerstrasse duisburg flaeche gegenueber merkez moschee warbruckstras duisburg ehemaliger parkplatz buscherstra√ü duisburg vorplatz hauptbahnhofe portsmouthplatz mercatorstra√ü duisburg ausstellung impfzertifikat kollegin kollege stehen wohnen montags freitags zeit uhr marientor verfuegung hinweis finden benoetig folgend angabe anmelden nr kassenaerztlich vereinigung ccduterminvergabe arbeitgeber spontan anmeldung vorbeigekommen wann finden impfunge statt genau mehr kennen versuchen weit moeglich eingrenzen finden impfung kleiner impfung impfbescheinigung erhalten davon kopie impfung vergessen nachtragung erforderlich wesentlich schnell finden digital impfzertifikat erstellen gelb impfpaessen kollege begrenzt kontingent vorraetig primaer mensch denken der aufgrund hohes alter gehbehinderung zumuten apotheke kaufen eintragen impfung marientor kommen bitten gelb impfpass apotheke kaufen kosten euro eintragen impfung wochentags marientor kommen wegen urlaub krankheit besetzen gern pfort melden kollege rufen impfung eintragen,text
Astrid_is_here,Corona-Schutzimpfungen,stadt duisburg bieten kommend woche dezentral impfunge folgend standort jeweils uhr montag evangelisch kirchengemeide altduisburg lutherkirche duisser martinstrasse duisburg dienstag katholische kirchengemeinde dionysius walsum elisabethstra√ü duisburg mittwoch evangelisch kirchengemeinde rumelnkaldenhausen ulmenstra√ü duisburg donnerstag pfarrzentrum christus koenig rheinhausen langestrasse duisburg freitag verein citywaerme grabenstrasse duisburg darueber hinaus bestehen natuerlich weiterhin moeglichkeit nachfolgend standort montags sonntags uhr kostenlos vorherig anmeldung impfen lassen buergermeisterwendelplatz althomberg lauerstrasse duisburg flaeche gegenueber merkez moschee warbruckstras duisburg ehemaliger parkplatz buscherstra√ü duisburg vorplatz hauptbahnhofe portsmouthplatz mercatorstra√ü duisburg benoetigen unterlage ausfuellen mitbringen unnoetig wartezeit vermeiden darum benoetigten unterlage aufklaerungsboge anamnese impfeinwilligung ausgedruckt ausfuellen mitzubringen ausstellung impfzertifikat kollegin kollege stehen wohnen montags freitags zeit uhr marientor verfuegung hinweis finden benoetig folgend angabe anmelden nr kassenaerztlich vereinigung ccduterminvergabe arbeitgeber spontan anmeldung vorbeigekommen wann finden impfunge statt genau mehr kennen versuchen weit moeglich eingrenzen finden impfung kleiner impfung impfbescheinigung erhalten davon kopie impfung vergessen nachtragung erforderlich wesentlich schnell finden digital impfzertifikat erstellen gelb impfpaessen kollege begrenzt kontingent vorraetig primaer mensch denken der aufgrund hohes alter gehbehinderung zumuten apotheke kaufen eintragen impfung marientor kommen bitten gelb impfpass apotheke kaufen kosten euro eintragen impfung wochentags marientor kommen wegen urlaub krankheit besetzen gern pfort melden kollege rufen impfung eintragen,text
ConsistentCell8638,Inlineskating bei Regen,jemand duisburg km umkreis tipp regen ueberdachen fahren inlineskates longboard immer,text
rattenfurz,Bester D√∂ner,doenerdealer duisbirg kehren liebsen konya hochfeld bodrum rheinhausen werfen rennen tip,text
Astrid_is_here,Impfdokumentationen,dokumentation immer wichtig testen lassen gestern erzaehlen jemand haeben stunde testzentrum anstanden jemand auffaellen impfdokumentation mehr finden marientor neu ausstellen lassen folgend dafuer benoetigen adresse geburtsdatum perso mitbringen je nachdem anmelden kvno stadt duisburg arbeitsgeber unterschiedlich geben sortieren benoetigen angabe wann jemand impfzentrum mobil impfstation anmelden einfachster einfach kopie einladung mitbringen enthaeln impfung benoetigten datum ps impfunge impfzentrum duisburg durchgefuehren koordinieren werden impfunge hausarzt durchgefuehren nachtragen stempel meister faellen chargennummer verwenden,text
Astrid_is_here,Laientheater,freuen dezember duisburg dezember dortmund ergebnis laientheaterprojekt ichkonstruktionen praesentieren finden weit infosauffuehrungen ichkonstruktionenhttpswwwtheatervolkdeprojekteichkonstruktionenichkonstruktionenvorstellungen,text
KionLing,Favorisierte Stadtteile in Duisburg,zusammen arbeit bedingen demnaechst duisburg ziehen deshalb frage stadteil halten schoenst weshalb mobil generell dagegen minute mehr arbeit fahren gerade deshalb frage zb rheinhausen rheinseitige stadteil wohnen frage kaemen grund gespannt antwort,text
AutoModerator,"Happy Cakeday, r/duisburg! Today you're 10",let moment insights post duisburg hauptbahnhof uspearofravenshttpswwwredditcomuserspearofravens stadt hinbekommen karte maskenpflichtstrassen erstellen ufieserkillerhttpswwwredditcomuserfieserkiller vorbildlicher utimsenerhttpswwwredditcomusertimsener familie rockelsberg foto hochfeld machen ja manchmal ganz schoen unilsohttpswwwredditcomusernilso duisburg rhinepark passed jung typ haeufig dach weisse riese gepennthttpswwwredditcomrduisburgcommentspitvvx ufroschpopohttpswwwredditcomuserfroschpopo duisburg germany duisburg industryhttpswwwredditcomrduisburgcommentsmlbtik ualbertjapanhttpswwwredditcomuseralbertjapan heres towns duisburg uvirtualrulohttpswwwredditcomuservirtualrulo,text
unknown_or_deleted,"Ignition - ""Nu ma hier"" (Duisburglied)",powermetaller philip eisenblaetter heimat stadiontauglich mitgroehlvariante gezaubertzieht lassen jung likes insta co beschallen nachbar,text
unknown_or_deleted,Wo ist der ganze M√ºll hin?,monat eltern rheinhausen insbesondere hochfeld auffallen strasse sauber sieht frage passieren,text
qx87,"Yoo, gebt mal laut wie die Lage ist. Alle Keller voll? Wie sieht der Rhein aus?",ech drueck daume,text
noemoem,Maskenpflicht auf den Einkaufsmeilen?,gott sein coronazahlen duisburg stetig sinken gibts lockerung letzter woche daher wollen wissen maskenpflicht einkaufsmeil weiterhin bestehen gibts infos maskenpflicht einkaufsmeil direkt trotzdem sehen mensch maske rumrennen weiss jemand mehr,text
barstarzz43,Lost places,lieblingslostplaces umgebung gerne austauschen neu ort kennenlernen dm opened,text
qx87,Auf netflix gibts nen film √ºber das mafia massaker vor einigen Jahren,weiss recht schauen jemand sehen akkurat cheer habs kurz schauen italienisch tv produktion wirklich besonderer schlecht bemerkenswert erster halb stunde gegenseitig stereotype umgehen heisst uebrigens duisburg streife obwohl glauben kaum duisburg drehen werden luftbild ruhr kreisel ausmachen alsdann ciao,text
shmamuen,BionTech Impfung in Duisburg und Umkreis,leute jemand tipp wahlhelfer priogruppe schnellsten impftermin kommen zwanziger sagen impfstoff biontech angewiesen erhoehter thrombozytwerte astrazeneca impfung ermoeglich jemand tipp,text
FieserKiller,Weil die Stadt es nicht hinbekommt eine Karte mit Maskenpflicht-Strassen zu erstellen hab ich selbst eine gemacht,karte erstellt anhand offiziell faq stadt,text
AutoModerator,"Happy Cakeday, r/duisburg! Today you're 9",let moment insights post nie gk ukesterasselhttpswwwredditcomuserkesterassel fortschritt erkennbar udummbrotaffehttpswwwredditcomuserdummbrotaffe duisburgrduisburgcommentsiduyjfsoistduisburg duisburg tranken eshttpsyoutuberwvybyfsrtg ugeilsupergeilhttpswwwredditcomusergeilsupergeil urattenfurzhttpswwwredditcomuserrattenfurz trompet gefunden duisburg stadtwerk gewinnen deutsche lichtdesign userabobhttpswwwredditcomuserserabob wahlkampf dvg neu strassenbahnhttpsyoutubemzuipsphzwo userabobhttpswwwredditcomuserserabob,text
qx87,Gestern war critical mass,kommen sogar kurz polizei nett leutche spass machen,text
Shi144,So ist Duisburg,mensch duisburg anekdote zusammengefasst strasse bruellen dieta typ aufr bruellen zurueck alt doedel datt zeigen bmw beide lachen beide fahren stadt,text
Broether69,REBELLION!,duisburger suede plaediert unabhaengigkeit duisburg wedau grossenbaum hucking bissingheim eigen kommune bilden neu cooler duisburg form sieg suede krieg gewinnen macht dickelsbach beanspruchen macht stolz krieger sueden fuehren sieg,text
KesterAssel,Vegetarische Burger liefern lassen,nutzen lieferando woechentlich letzter zeit immer haeufig burger geben restaurant burger liefern app duisburg bisher vegetarisch burger burgern vegetarisch bulette sehen koennt empfehlen unbedingt lieferando,text
HappinessResearchRUB,Studienteilnehmer*innen gesucht: Die psychologischen Auswirkungen von Covid-19,wissenschaftlerinn ruhruniversitaet bochum hu zeit rekrutieren deutschsprachig studienteilnehmerinn aktuell wohnort egal psychologisch onlinestudie persoenlich sozial gesellschaftlich auswirkung verbundenen massnahme registrieren handeln sogenannter tagebuchstudie teilnehmerinn wiederholen erleben verhalten befragen bieten wunsch wissenschaftlich fundiert eigen persoenlichkeit sowie rueckmeldung eigen veraenderung stimmung einsamkeit studienzeitraum naeher infos studie finden ua,text
I_am_at_school_AMA,Wei√ü jemand was da heute am Forum los war? Es wurde wohl evakuiert,eben freundin ankamen gro√ü menschenmenge draussen gebaeude polizist spaeter draussen eingang absperren,text
Dummbrotaffe,"Es klingt unglaublich, ABER!",klingen wirklich seltsam aufzug duisser ubf arbeiten,text
Knaudti,Wei√ü jemand wo man in Duisburg guten Wein trinken kann?,weiss jemand duisburg gut wein trinken,text
I_am_at_school_AMA,"In 10 Tagen ist Wahl ,darunter auch die zum DOC. Wie steht ihr dazu?",tag wahl darunter stehen,text
tobitobitobitobi,Interessantes Restaurant,sonntag duisburg gibts authentische schlau gekochte interessantes gegess muessen kulinarisch bisschen interessieren erster wichtig finden schlimm essen bisschen herausgeforderen,text
I_am_at_school_AMA,Umzug nach Duisburg - welche Viertel?,ziehen juli nrw duesseldorf ausbildung beginnen wohnung teuer umgebung nachgeschaut duisburg gestossen groess guenstigeren wohnung bekommen bewusst verbindung duesseldorf gut gehen wohl stunde viertel nachschauen werden suedlich ruhr vorschlagen schon interessant wohnung neudorf finden lesen eher student sein stimmen etwa wisst tipps ratschlaege wohnungssuche duisburg voraus jemand wanheimerort sagen scheint recht guenstig,text
Marideaux,Polnische K√ºche?,irgendwelcher polnischenosteuropaeisch lebensmittelgeschaefte taeubchen bigos usw,text
qx87,Howdy duisburg! Star Wars OV,weiss jemand originalfassung schauen,text
cenorexia,Weihnachtsmarkt + Innenstadt ger√§umt wegen herrenlosem Koffer,warten meinen freundlich beamter citypalais evakuieren muessen scherz beiseite vorsicht natuerlich gut nachsicht momentan innenstadt lieb meiden totales verkehrschaos,text
ensign_paris,Angeln in den Niederlanden (xpost /r/de),zusammen klein angeltour mitglied unser gruppe nen angelschein bleiben niederlande diesmal allzuviel angelteich eher natur frage schonmal nl natur angeln geben generell schoen plaetze starten ruhrgebiet daher sache naehe venlo usw natuerlich besonders gern sehen,text
iButlerme,Paperless Pioneers | scan hard ‚Äì work smart,liebe andr aufrgund artikel ct ausgabe papierlos buero selbstversuch damals ueberwaeltigend vieler zuschrift frage neugierig gleichgesinnt erhalten ehrlich natuerlich rechnen natuerlich darueber freuen papierloses buero papierloses arbeit weiterhin fahrt nehmen kurzerhand entschlie√üen gruend paperless pioneer geben versammeln idee meinung austauschen paperless pioneer url handeln dabei stetig wachsend ausserhalb social bewegen nutzen heutzutage fbtwitter mitmachen gg interesse hasst paperless erster stunde freuen sehen vorab k√∂nnsten natuerlich frage stellen bzw gerne meinung aktion freuen paperless andr ps poste stolz duisburger,text
duisburgapartment,suche Apartment/WG in Duisburg,suchen wg duisburg miete ungefaehr liegen demnaechst anfangen oertliche universitaet studieren weiss richtig subreddit spezifisch duisburg gehen einfach probieren vorraus,text
XerxesJF,"Spontanes Treffen in D√ºsseldorf am kommenden Mittwoch, dem 10. September 2012",liebe duisburger treffen kommend mittwoch abend september spontan redditor duesseldorfer altstadt jemand mitkommen bloed natuerlich september,text
unknown_or_deleted,Weil hier ja eh niemals jemand was reinpostet...,liebes tagebuch heute konzeptalbum le frisur arzt kaufen vokuhila schneiden lassen,text
